url_path,views_total,views_unique
/abhinav12k/Typster,9,6
/abhinav12k/Typster/tree/main/src/jvmMain/kotlin,5,2
/abhinav12k/Typster/blob/main/src/jvmMain/kotlin/data/TextSample.kt,4,2
/abhinav12k/Typster/blob/main/src/jvmMain/kotlin/game/Game.kt,4,2
/abhinav12k/Typster/tree/main/src/jvmMain,4,2
/abhinav12k/Typster/tree/main/src/jvmMain/kotlin/ui/menu,4,2
/abhinav12k/Typster/tree/main/src/jvmMain/kotlin/ui/theme,4,2
/abhinav12k/Typster/blob/main/src/jvmMain/kotlin/game/GameObject.kt,2,1
/abhinav12k/Typster/blob/main/src/jvmMain/kotlin/game/GameState.kt,2,1
/abhinav12k/Typster/blob/main/src/jvmMain/kotlin/Typster.kt,2,1
